"ID","Name","Name (vi)","Description (vi)","Content (vi)","Name (zh_CN)","Description (zh_CN)","Content (zh_CN)"
"1","The Rise of Quantum Computing: IBM Unveils 1000-Qubit Processor","","","","","",""
"2","Apple Vision Pro 2: The Future of Spatial Computing Has Arrived","","","","","",""
"3","ChatGPT-5 Released: New AI Model Shows Human-Level Reasoning","","","","","",""
"4","Tesla's Full Self-Driving Finally Approved for Highway Use in California","","","","","",""
"5","Major Cybersecurity Breach: 500 Million Records Exposed in Cloud Storage Misconfiguration","","","","","",""
"6","Microsoft Introduces AI-Powered Code Review: 40% Reduction in Production Bugs","","","","","",""
"7","Boston Dynamics Robots Now Working in Amazon Warehouses","","","","","",""
"8","Meta's New VR Gloves Let You Feel Virtual Objects","","","","","",""
"9","Neuralink Begins Human Trials: First Patient Controls Computer with Thoughts","","","","","",""
"10","Google's Project Starline: 3D Video Calls Without Headsets","","","","","",""
"11","NVIDIA H200 GPU Breaks AI Training Records","","","","","",""
"12","Ethereum 3.0 Launches: 100,000 Transactions Per Second Achieved","","","","","",""
"13","SpaceX Starship Successfully Lands on Moon with NASA Astronauts","","","","","",""
"14","Amazon's Drone Delivery Expands to 100 Cities Across the US","","","","","",""
"15","Revolutionary Cancer Treatment: AI Discovers Personalized Drug Combinations","","","","","",""
"16","Samsung's Transparent OLED Displays Transform Retail Shopping","","","","","",""
"17","Waymo Robotaxis Now Operating in 25 Major Cities","","","","","",""
"18","Solar Paint Achieves 30% Efficiency: Every Building Can Generate Power","","","","","",""
"19","Blue Origin's Space Hotel Welcomes First Tourists","","","","","",""
"20","AI Teachers in South Korea: Personalized Education for Every Student","","","","","",""
"21","Flash Tech En","Flash Tech En","Flash Tech En","<p>Flash Tech En<img src=/storage/the-illustration-graphic-consists-of-abstract-back.jpg alt=the-illustration-graphic-consists-of-abstract-back loading=lazy><br>&nbsp;</p>","","",""
"22","Flash Tech En 01","Flash Tech Vi 01","Flash Tech Vi 01","<p>Flash Tech Vi 01</p>","","",""
